teleSURtv,2019-05-22 16:49:50,"RT @DiazCanelB: Gracias hermano Presidente @NicolasMaduro. Las ideas de Bol√≠var y Mart√≠, de Fidel y Chav√©z gu√≠an nuestra com√∫n y eterna lucha antimperialista, por la independencia y la integraci√≥n latinoamericana y caribe√±a. #SomosVenezuela #SomosCuba #SomosContinuidad https://t.co/yPr8iNIXBo",1516,DiazCanelB,1131240763709431814
teleSURtv,2019-05-27 04:52:05,"RT @jaarreaza: Una vez mas compartimos algunas √≥rdenes de pago emitidas por PDVSA para transferir los recursos y darle continuidad al programa de salud con Italia, as√≠ como comprobantes de las transacciones rechazadas y canceladas por Novo Banco. Esos recursos quedaron represados, bloqueados https://t.co/pFZy3bhCMK",1325,jaarreaza,1132872076308746241
teleSURtv,2019-05-21 12:33:17,"RT @DiazCanelB: Trump aferrado a la tradici√≥n injerencista de los #EEUU emiti√≥ un mensaje amenazador, manipulador y desvergonzado contra #Cuba, ayer 20 de mayo, fecha que se√±ala la proclamaci√≥n de la rep√∫blica neocolonial. No volveremos a ese pasado y defenderemos firmemente la independencia. https://t.co/MNn5r7IAZl",1203,DiazCanelB,1130813814168084481
teleSURtv,2019-05-27 04:52:09,"RT @jaarreaza: Ya a principios de abril hicimos la denuncia p√∫blica en Naciones Unidas y responsabilizamos por este caso tan delicado al gobierno de EEUU y a los ""venezolanos"" irresponsables que ruegan en Washington para que se bloqueen las finanzas del Estado. #TrumpDesbloqueaVenezuela https://t.co/61mUTELx9g",1199,jaarreaza,1132872093354225664
teleSURtv,2019-05-22 13:21:25,"RT @DiazCanelB: Consejo Politico del ALBA-TCP convoc√≥ a los movimientos sociales, populares, a las organizaciones no gubernamentales, a todos los sectores de nuestros pueblos para ejercer influencia en los gobiernos y oponerse al intervencionismo estadounidense. #SomosCuba #ManosFueraDeVenezuela https://t.co/ZGov2IBKrf",1102,DiazCanelB,1131188314604806144
teleSURtv,2019-05-16 13:58:16,"RT @medeabenjamin: BREAKING NEWS: Police breaking into Venezuela Embassy to illegally arrest #EmbassyProtectionCollective, in violation of Vienna Convention. Breaking international law.",1015,medeabenjamin,1129023263429074944
teleSURtv,2019-05-21 14:06:47,"RT @jaarreaza: A pesar de los obst√°culos, ayer por fin llegaron a casa l@s 180 compatriotas desde Per√∫. Las acciones de Bloqueo contra Venezuela no frenar√°n el inmenso esfuerzo del #PlanVueltaALaPatria. El Presidente @NicolasMaduro les da la bienvenida. ¬°Seguimos en ofensiva! https://t.co/PcolihoiCc",869,jaarreaza,1130837344280567813
teleSURtv,2019-05-16 13:58:13,RT @medeabenjamin: BREAKING NEWS: Police arrested the 4 people remaining in the Venezuela Embassy as part of the #EmbassyProtectionCollective. Total violation of Vienna Conventions. Shameful!!!,860,medeabenjamin,1129023249122234368
teleSURtv,2019-05-29 00:01:24,RT @pvillegas_tlSUR: Hemos ganado PREMIO NACIONAL de periodismo de Mexico por mejor cobertura de caravana migrantes. Por su amplia y profunda cobertura en M√©xico de la caravana de migrantes. Recibe el premio m√°s importante @EduardomteleSUR. Se destaca el trabajo @SantiagoteleSUR. 1/2,860,pvillegas_tlSUR,1133523698290442242
teleSURtv,2019-05-29 01:37:08,RT @DrodriguezVen: Grande TELESUR! Legado del Cdte. Ch√°vez que consolida el Pdte @NicolasMaduro para dar la batalla por la verdad en cualquier rinc√≥n del planeta! Felicitamos a todo su equipo y a su directora @pvillegas_tlSUR Sigamos reivindicando el derecho a la informaci√≥n veraz y oportuna! https://t.co/YsNFz785t8,847,DrodriguezVen,1133547792750845952
teleSURtv,2019-05-17 13:46:45,"RT @AlinaTelesur: This is the moment when the US Federal police, against all international law, broke into the Venezuelan Embassy in Washington DC. May 16th 2019, do not forget it. https://t.co/iIEpQpkDhn",840,AlinaTelesur,1129382749368983552
teleSURtv,2019-05-21 12:33:46,"RT @DiazCanelB: Junto al General de Ej√©rcito Ra√∫l Castro Ruz, Primer Secretario del Comit√© Central del Partido Comunista de Cuba, recibimos ayer en la noche al Canciller de la Rep√∫blica Bolivariana de Venezuela, Jorge Arreaza Monserrat. Ratificamos los s√≥lidos ¬≠v√≠nculos que nos unen. #SomosCuba https://t.co/YFImjumWdu",810,DiazCanelB,1130813937170165760
teleSURtv,2019-05-28 02:08:49,"#ENVIDEO | Las ansias de #EEUU por dominar el petr√≥leo venezolano lo han llevado a intervenir en la pol√≠tica de este pa√≠s suramericano a trav√©s de sanciones, imposiciones de ""presidentes"" autoproclamados y robo de sus empresas en el extranjero. https://t.co/xq0lzSazcZ",808,,1133193375853752322
teleSURtv,2019-05-30 13:58:40,RT @madeleintlSUR: Contralor General de #Venezuela @ElvisAmoroso se encuentra en #Viena para denunciar ante la #ONU el robo de #CITGO https://t.co/vkYOZFaVhw,766,madeleintlSUR,1134096794256891905
teleSURtv,2019-05-29 00:00:48,RT @pvillegas_tlSUR: Hemos ganado PREMIO NACIONAL de periodismo de M√©xico por mejor cobertura de caravana migrantes. Se destaca el trabajo de los camar√≥grafos de teleSUR que obtuvieron im√°genes exclusivas del Helic√≥ptero de la PF sobrevolando el r√≠o Suchiate). 2/2,763,pvillegas_tlSUR,1133523549531049987
teleSURtv,2019-05-23 13:46:40,"RT @madeleintlSUR: Ac√° queda en evidencia la doble moral, habla de ‚Äúcrisis humanitaria‚Äù de ‚Äúayuda humanitaria‚Äù pero van contra el CLAP, es decir, los alimentos de la poblaci√≥n m√°s vulnerable https://t.co/DKvyl9ahx8",729,madeleintlSUR,1131557056488587265
teleSURtv,2019-05-28 13:35:39,"RT @EnClavePolitik: ""@Lenin dijo que construir√≠a 325 mil viviendas en 4 a√±os, ahora dice que no se pudo hacer eso por las penurias econ√≥micas, una nueva a mentira, porque eso siempre estuvo pensado como una inversi√≥n que se hacia a trav√©s de la banca p√∫blica"", @VirgilioHernand @OrlandoPerezec https://t.co/v3vjPdnmjL",658,EnClavePolitik,1133366226422509568
teleSURtv,2019-05-20 12:38:01,RT @evoespueblo: Condenamos las amenazas de guerra y destrucci√≥n de #EEUU a #Ir√°n y su intenci√≥n de desplegar tropas en Oriente Medio. El imperialismo siempre busca hacer funcionar la industria de la guerra.,643,evoespueblo,1130452617279287297
teleSURtv,2019-05-22 13:57:18,"Muere un ni√±o guatemalteco migrante mientras se encontraba bajo la custodia de funcionarios fronterizos de #EEUU Violaciones de los derechos humanos contra menores migrantes se han denunciado por muchas organizaciones, pero nadie dice ni hace nada ¬øHasta cu√°ndo? #JusticiaYA https://t.co/3EA78mbjQS",601,,1131197344614109184
teleSURtv,2019-05-16 15:48:03,"El canciller de #Venezuela üáªüá™, Jorge Arreaza, inform√≥ que su Gobierno eval√∫a la respuesta a la invasi√≥n ilegal de #EEUU a la embajada venezolana üëâhttps://t.co/FPODStiqXC Inform√≥ tambi√©n que el desalojo forzado a los activistas viola sus derechos humanos https://t.co/PzrzNy7G6h",595,,1129050890311294976
teleSURtv,2019-05-20 12:38:41,"RT @DiazCanelB: Hoy recibiremos al estimado compa√±ero Pham Binh Minh, viceprimer Ministro y ministro de Relaciones Exteriores de Vietnam, representante de un pueblo hermano y entra√±able para #Cuba. #SomosCuba #SomosContinuidad https://t.co/JIrwyzehL9",554,DiazCanelB,1130452785944780801
teleSURtv,2019-05-18 14:15:26,"RT @JaimeteleSUR: #Per√∫ Venezolanos que iban a ser repatriados en el Plan Vuelta a la Patria arengan ""Queremos regresar"" ante la negativa de la transnacional @Repsol de abastecer de combustible a los aviones venezolanos, pese a que √©ste ya estaba cancelado. Una m√°s del bloqueo econ√≥mico https://t.co/yJdN3z22nh",549,JaimeteleSUR,1129752357162684417
teleSURtv,2019-05-18 14:15:56,"RT @JaimeteleSUR: #Per√∫ Hoy Iban a ser repatriados 180 venezolanos: pacientes sin atenci√≥n m√©dica, gestantes, personas en condici√≥n de calle, v√≠ctimas de explotaci√≥n laboral y xenofobia. Sin embargo @Repsol se niega a abastecer de combustible a aviones venezolanos, pese a que ya estaba pagado https://t.co/ZIXgKfsiyZ",528,JaimeteleSUR,1129752483805487116
teleSURtv,2019-05-25 23:01:00,"RT @madeleintlSUR: 3. El Ministro @MQuevedoF inform√≥ que el Gobierno de #Venezuela eval√∫a ""la pertinencia de la gasolina de 91 y 95 octano"" sobre todo por el bloqueo de #EEUU que est√° impidiendo que lleguen diluyentes e insumos importados para procesar el combustible https://t.co/7GAVcOPGu9",509,madeleintlSUR,1132421336033312768
teleSURtv,2019-05-29 13:38:24,A pesar del da√±o humano que genera el bloqueo estadounidense a los venezolanos La administraci√≥n de Trump ha embargado bienes y activos monetarios que pertenecen al pa√≠s sudamericano ¬øCu√°l es la cifra del robo? https://t.co/iNEtLBhgeJ #TrumpDesbloqueaVenezuelaüáªüá™ https://t.co/kFwmjKB9nC,507,,1133729305605885953
teleSURtv,2019-05-21 21:05:00,"#Huawei crea sistema operativo que podr√≠a sustituir software de Google https://t.co/7LiDbpQFqa El nuevo sistema operativo ""Hongmeng"" est√° basado en el sistema de c√≥digo abierto Linux y ser√° utilizado de forma universal en todos sus dispositivos https://t.co/e0er9hbGqn",506,,1130942592106016768
teleSURtv,2019-05-25 22:17:34,"RT @madeleintlSUR: 1. El pdte. de @PDVSA @MQuevedoF realiz√≥ un recorrido por el llenadero de combustible de #Guatire di√≥ informaciones importantes: 1. Se est√° normalizando la distribuci√≥n de combustible, hizo un llamado a la calma y evitar compras nerviosas, se ha detectado reventa https://t.co/vSbzoCqMg4",495,madeleintlSUR,1132410405203185665
teleSURtv,2019-05-23 22:13:13,"#EEUU continua arremetiendo contra la vida de los venezolanos Esta vez es hacia el Sistema de distribuci√≥n de alimentos conocido como el Comit√© Local de Abastecimiento y Producci√≥n (CLAP), un programa que beneficia a m√°s de 7 millones de ciudadanos https://t.co/OIRlp3g5sh",469,,1131684535106772998
teleSURtv,2019-05-29 16:59:00,Ni√±os venezolanos que esperaban trasplante de m√©dula han muerto en los √∫ltimos d√≠as a causa del bloqueo de #EEUU contra Venezuela ¬øC√≥mo los intereses pol√≠ticos de Trump se sobreponen al bienestar de todo un pueblo? https://t.co/uyfLeiAt2o #TrumpDesbloqueaVenezuelaüáªüá™ https://t.co/r5kYdDC6rS,438,,1133779785874694144
teleSURtv,2019-05-16 13:39:47,"#√öLTIMOMINUTO | La Polic√≠a invade la embajada venezolana en Estados Unidos para arrestar ilegalmente al colectivo de protecci√≥n de la sede diplom√°tica, violando la convenci√≥n de Viena. Violando las leyes internacionales https://t.co/tqMKHfl0b4 https://t.co/1YpRkPirAv",424,,1129018609840336902
teleSURtv,2019-05-17 18:28:31,"RT @AlinaTelesur: Activistas sobre el #CPEV: Vimos c√≥mo cortaban ilegalmente el agua, la electricidad, y ahora finalmente violaron la soberan√≠a. ‚ÄúTodos en el pa√≠s y en todo el mundo deber√≠amos recordar este d√≠a‚Äù. Convocan a manifestarse este s√°bado en la Embajada. #EmbassyProtectionCollective https://t.co/SLH5J7xBi8",416,AlinaTelesur,1129453662219186176
teleSURtv,2019-05-29 17:00:01,‚úÖ9 millones de cajas de alimentos no han podido ingresar al pa√≠s ‚úÖ300 mil dosis de insulina retenidas Estas son algunas de las graves consecuencias del bloqueo estadounidense a Venezuela: ¬øCu√°nto da√±o m√°s har√°n al pueblo? https://t.co/c2SUlQueRd #TrumpDesbloqueaVenezuela https://t.co/dQVtUa0YYu,407,,1133780044579389445
teleSURtv,2019-05-29 16:07:00,A pesar del da√±o humano que genera el bloqueo estadounidense a los venezolanos La administraci√≥n de Trump ha embargado bienes y activos monetarios que pertenecen al pa√≠s sudamericano ¬øCu√°l es la cifra del robo? https://t.co/iNEtLByR6h #TrumpDesbloqueaVenezuelaüáªüá™ https://t.co/lrEDyIiCKI,403,,1133766699910438912
teleSURtv,2019-05-28 12:30:52,"RT @madeleintlSUR: 4. Los militares desertores que firmen el PEP le dan una m√≠nima ayuda para pagar arriendo de 3 a 6 meses por 250 mil pesos ""eso no es nada ni los #colombianos viven con eso"", le dan 1 sola vez 60$ y un permiso para trabajar en una ciudad donde ni los colombianos consiguen trabajo https://t.co/4aVgiq2gmD",368,madeleintlSUR,1133349920612732930
teleSURtv,2019-05-21 16:33:46,RT @mateoteleSUR: Decenas de miles de uruguayos reclamaron una vez m√°s conocer la verdad y hacer justicia con los detenidos desaparecidos durante la √∫ltima dictadura c√≠vico militar. @teleSURtv https://t.co/TlX5Ngu8BZ,366,mateoteleSUR,1130874332798967808
teleSURtv,2019-05-24 17:49:06,RT @GildateleSUR: M√©dicos hondure√±os salen a las calles para demandar que no se privatice el sistema de salud. https://t.co/JjfFXA7GoM,319,GildateleSUR,1131980457464221697
teleSURtv,2019-05-17 14:56:26,"En #MarioBenedetti el amor y el compromiso pol√≠tico se unieron para forjar una s√≥lida obra que abarc√≥ la cr√≠tica literaria, la poes√≠a, el ensayo y la narrativa El escritor uruguayo falleci√≥ el 17 de mayo de 2009 y hoy a 10 a√±os de su partida ¬°Te recordamos maestro!üíô https://t.co/vNc1oUfjWg",308,,1129400286773223425
teleSURtv,2019-05-30 02:18:00,"El papa Francisco envi√≥ una carta al expresidente de #Brasilüáßüá∑ en la que indic√≥ : ""el bien vencer√° al mal, la verdad vencer√° la mentira y la Salvaci√≥n vencer√° la condenaci√≥n"" üëâhttps://t.co/0x156UDzvO #LulaLibre es lo que todo el mundo pide al gobierno brasile√±o https://t.co/LWBkfSewZ7",292,,1133920463116218368
teleSURtv,2019-05-30 14:00:17,RT @denisseteleSUR: #ECUADOR| La Jueza #YadiraProa√±o rechaza petici√≥n de cauci√≥n a favor de @olabini @EdicionCteleSUR https://t.co/hNQUn8jXEB,263,denisseteleSUR,1134097199971864577
teleSURtv,2019-05-17 13:47:08,"RT @AlinaTelesur: . @BrianBeckerDC de @answercoalition dice que jam√°s antes en la Historia de Estados Unidos hab√≠a ocurrido tal violaci√≥n del derecho internacional, de la Convenci√≥n de Viena, como ocurri√≥ el d√≠a de hoy con la Embajada de Venezuela, lo califica de una operaci√≥n ‚Äúcasi militar‚Äù. https://t.co/373Gh3DjFq",262,AlinaTelesur,1129382848274817024
teleSURtv,2019-05-16 14:55:32,El art√≠culo 22 de la Convenci√≥n de Viena manifiesta que: los locales de la misi√≥n diplom√°tica no pueden ser penetrados por agentes del Estado receptor sin el consentimiento del jefe de la misi√≥n Conoce a detalle lo que sucedi√≥ en la embajada de Venezuelaüëâhttps://t.co/gBwQBi7R5a https://t.co/WebwoN2C7C,259,,1129037672511692800
teleSURtv,2019-05-28 12:30:58,"RT @madeleintlSUR: 2. En una reuni√≥n hace 2 d√≠as en #C√∫cuta los militares desertores hablaron de su situaci√≥n ""el #30A los embarcaron en #Altamira porque se vieron en nuestro espejo"", quedaron reducidos en la nada, tuvieron que renunciar al tan refugio prometido y firmar una m√≠nima ayuda https://t.co/YjjuQk7VjD",251,madeleintlSUR,1133349946533601288
teleSURtv,2019-05-18 12:26:33,#√öLTIMOMINUTO | Cristina Kirchner anunci√≥ que ser√° candidata a vicepresidenta de una f√≥rmula con Alberto Fern√°ndez. https://t.co/hBhUKwU3Vl,239,,1129724955514605570
teleSURtv,2019-05-23 20:59:55,RT @DesbloqueaVE: Proteccionistas de @MisionNevado expresan tambi√©n su rechazo en contra del bloqueo del Gobierno de #Trump medidas que afectan a la misi√≥n para la adquisici√≥n de insumos y medicamentos para atender a los animales de compa√±√≠a. #TrumpDesbloqueaVenezuela #TrumpUnblockVenezuela https://t.co/sAELAfbSB6,234,DesbloqueaVE,1131666089820217344
teleSURtv,2019-05-29 21:23:15,teleSUR se alza con el Premio Nacional de Periodismo en M√©xico gracias a su amplia cobertura de la Caravana Migrante en el a√±o 2018. ¬°Felicitaciones a todo el equipo que trabajaron para llevar esta verdad a Am√©rica Latina y el mundo! #PeriodismoParaLosPueblos https://t.co/Uefg8SPq67,226,,1133846289505030146
teleSURtv,2019-05-29 03:47:00,Ni√±os venezolanos que esperaban trasplante de m√©dula han muerto en los √∫ltimos d√≠as a causa del bloqueo de #EEUU contra Venezuela ¬øC√≥mo los intereses econ√≥micos y pol√≠ticos de Trump se sobreponen al bienestar de todo un pueblo? M√≠relo https://t.co/uyfLeiAt2o #NoBloqueoüáªüá™ https://t.co/pt4QPe4sX4,223,,1133580472573759488
teleSURtv,2019-05-29 13:27:26,‚úÖ9 millones de cajas de alimentos no han podido ingresar al pa√≠s ‚úÖ300 mil dosis de insulina retenidas Estas son algunas de las graves consecuencias del bloqueo estadounidense a Venezuela:¬øCu√°nto da√±o m√°s har√°n al pueblo? https://t.co/c2SUlQcDZF #TrumpDesbloqueaVenezuelaüáªüá™ https://t.co/74vPMSTHOe,215,,1133726545242140672
teleSURtv,2019-05-20 14:56:10,RT @evoespueblo: Hoy empezamos la entrega de obras por el aniversario de #Chuquisaca. Inauguramos el enlosetado de 19 barrios en #Sucre. Tenemos 280 obras para el departamento. El programa #MiBarrioMihogar busca mejorar el d√≠a a d√≠a de los vecinos; ellos deciden qu√© obras se hacen y d√≥nde. https://t.co/AjLrnZ3lHb,212,evoespueblo,1130487384481705984
teleSURtv,2019-05-18 13:05:09,Cristina Kirchner anuncia su candidatura a la vicepresidencia https://t.co/BGaSxGpb9n https://t.co/NFJgHPGcZP,210,,1129734670323785728
teleSURtv,2019-05-26 07:50:53,#√öLTIMOMINUTO | Sismo de magnitud 7.7 sacude el sur de Ecuador https://t.co/V6C3XU1y95,208,,1132554684110127104
teleSURtv,2019-05-17 15:22:38,"RT @evoespueblo: Bolivia recibe al secretario general de la OEA, Luis Almagro #AlmagroEnBolivia https://t.co/DBhks7oe2K",207,evoespueblo,1129406880462331904
teleSURtv,2019-05-17 16:46:38,RT @pvillegas_tlSUR: Santrich habr√≠a escrito esta carta HOY. Uno de sus abogados confirma que est√° herido. https://t.co/GtWksRVwRr,202,pvillegas_tlSUR,1129428019779706881
teleSURtv,2019-05-16 15:20:47,El analista internacional Jos√© Pertierra explic√≥ que la intervenci√≥n de #EEUU en la embajada de #Venezuela üáªüá™ crea un precedente preocupante para la paz mundial üëâhttps://t.co/2PovEgWRAz El desalojo de la embajada por parte de polic√≠as de EE.UU. viola la Convenci√≥n de Viena https://t.co/67ueucHSsq,198,,1129044026068492288
teleSURtv,2019-05-29 13:27:45,"Estados Unidos se apropia de recursos monetarios de #Venezuela de forma ilegal, ¬øqui√©n condena y act√∫a ante este robo sin precedente? Conozca las consecuencias que ha tra√≠do para el pueblo,el m√°s afectado por estas maniobras https://t.co/c2SUlQcDZF #TrumpDesbloqueaVenezuelaüáªüá™ https://t.co/7hgClzMj28",197,,1133726625445699584
teleSURtv,2019-05-18 16:20:46,Dos vuelos venezolanos del Plan Vuelta a la Patria fueron suspendidos en #Per√∫ üáµüá™ luego que la multinacional espa√±ola Repsol neg√≥ el combustible para las aeronaves üëâhttps://t.co/BFHsmpPg2v El viaje estaba estimado para que regresen 180 venezolanos entre ellos 54 menores de edad https://t.co/yrtsNNcUbU,192,,1129783896877535232
teleSURtv,2019-05-29 14:23:18,"RT @madeleintlSUR: 1. La Sala Plena del @TSJ_Venezuela ""decidi√≥ comprometer la responsabilidad del Dip @RafaelDGuzmanR por su participaci√≥n en flagrancia en el golpe #30A, se le imputan 7 delitos entre ellos Traici√≥n a la Patria, Rebeli√≥n Civil, Concierto para Delinquir, Usurpaci√≥n de funciones"" https://t.co/vKokVBH21h",186,madeleintlSUR,1133740602196201477
teleSURtv,2019-05-23 13:45:31,RT @AlinaTelesur: Departamento de Salud de EEUU confirm√≥ que el 29 de septiembre del 2018 muri√≥ una ni√±a de 10 a√±os proveniente de El Salvador luego de ser detenida por las autoridades fronterizas. La sexta menor de edad fallecida bajo custodia en el √∫ltimo a√±o. https://t.co/r62dFDhZeh,186,AlinaTelesur,1131556767140388864
teleSURtv,2019-05-16 13:44:50,#AHORA | Las √∫ltimas 4 personas que se manten√≠an en defensa de la sede diplom√°tica de Venezuela en Washington fueron arrestadas hoy por fuerzas de seguridad estadounidense. Violan as√≠ los estatutos de la Convenci√≥n de Viena https://t.co/tqMKHfl0b4 https://t.co/huinTC7rOq,184,,1129019880286691328
teleSURtv,2019-05-23 02:03:20,"Las sanciones econ√≥micas contra #Venezuela han sido ampliadas y endurecidas desde 2015, con la primera orden ejecutiva de #EEUU El objetivo: crear una crisis social para justificar un cambio forzado de Gobierno üëâüèø https://t.co/iNEtLBhgeJ https://t.co/CfALPZhtHF",183,,1131380056046088192
teleSURtv,2019-05-28 12:31:02,"RT @madeleintlSUR: 1. No solamente eso, siguen utilizando los nombres de los militares desertores de #C√∫cuta cuando la verdad es que los abandonaron, y los abandonaron porque la mayor√≠a son tropas solo cumplieron con los pocos generales que decidieron cruzar la frontera, hoy est√°n en un limbo https://t.co/6BP2hVAIGP",182,madeleintlSUR,1133349962631274496
teleSURtv,2019-05-26 14:20:33,RT @JaimeteleSUR: #TerremotoenPer√∫ este v√≠deo proveniente de #Yurimaguas muestra la magnitud del terremoto sentido esta madrugada https://t.co/unAh6s2u2C,177,JaimeteleSUR,1132652749500366849
teleSURtv,2019-05-29 13:35:49,"Una mirada realista: ¬øC√≥mo perjudica el bloqueo de EE.UU. a los venezolanos? Ya no se trata de los ataques contra el presidente @NicolasMaduro, sino del da√±o que hacen al pueblo Le mostramos la verdadera cara del bloqueo https://t.co/iNEtLBhgeJ #TrumpDesbloqueaVenezuelaüáªüá™ https://t.co/C9GBa0zY5m",176,,1133728654251495424
teleSURtv,2019-05-28 17:46:00,Ni√±os venezolanos que esperaban trasplante de m√©dula han muerto en los √∫ltimos d√≠as a causa del bloqueo de #EEUU contra Venezuela ¬øC√≥mo los intereses econ√≥micos y pol√≠ticos de Trump se sobreponen al bienestar de todo un pueblo? M√≠relo https://t.co/uyfLeiAt2o #NoBloqueoüáªüá™ https://t.co/KkT902VW5Z,175,,1133429226298732544
teleSURtv,2019-05-28 13:21:30,RT @AlinaTelesur: As√≠ se miran los campos de migrantes en ‚Äúel pa√≠s de las libertades‚Äù üóΩ. https://t.co/JK5oVgJVFf https://t.co/R4CQjtt294,172,AlinaTelesur,1133362661532622849
teleSURtv,2019-05-29 00:00:51,RT @pvillegas_tlSUR: El coraz√≥n me salta de Alegr√≠a. Gran orgullo para todo @telesurenglish y @teleSURtv. Felicidades queridos compa√±er@s. üíñ,170,pvillegas_tlSUR,1133523560390123523
teleSURtv,2019-05-16 14:55:46,"RT @AlinaTelesur: La polic√≠a ha entrado a la Embajada de Venezuela, les han visto dentro del edificio y tambi√©n uno de ellos, dicen los aqu√≠ presentes, portaba una bolsa con los carteles que estaban dentro de la sede diplom√°tica. #CPEV https://t.co/QA8BFzurhp",167,AlinaTelesur,1129037733568106497
teleSURtv,2019-05-30 09:19:00,"El papa Francisco envi√≥ una carta al expresidente de #Brasilüáßüá∑ en la que indic√≥ : ""el bien vencer√° al mal, la verdad vencer√° la mentira y la Salvaci√≥n vencer√° la condenaci√≥n"" üëâhttps://t.co/0x156UDzvO #LulaLibre es lo que todo el mundo pide al gobierno brasile√±o https://t.co/pt05xc8O5r",162,,1134026411168161792
teleSURtv,2019-05-29 16:03:00,"Una mirada realista: ¬øC√≥mo perjudica el bloqueo de EE.UU. a los venezolanos? Ya no se trata de los ataques contra el presidente @NicolasMaduro, sino del da√±o que hacen al pueblo Le mostramos la verdadera cara del bloqueo https://t.co/iNEtLByR6h #TrumpDesbloqueaVenezuelaüáªüá™ https://t.co/E4IBtCO2kY",161,,1133765693415993345
teleSURtv,2019-05-27 01:16:00,"El embajador de #Venezuelaüáªüá™ ante la #ONU, Samuel Moncada denunci√≥ que las sanciones impuestas por #EEUUüá∫üá∏ perjudican los planes de salud en el pa√≠s suramericano üëâhttps://t.co/kzePrzPlXz El diplom√°tico subi√≥ a sus redes sociales infograf√≠as con detalles de los bloqueos https://t.co/ybielxjyKq",160,,1132817696649875461
teleSURtv,2019-05-16 14:37:32,#LAFOTO | Fuerzas de seguridad norteamericanas se posicionan y acordonan la parte trasera del edificio de la Embajada de Venezuela en Washington Mire en directo c√≥mo se desarrolla esta acci√≥n ilegal contra el derecho internacional https://t.co/K7pTJKCfTR #NoM√°sIntervenci√≥n https://t.co/jzU9VY8NcV,159,,1129033143980363776
teleSURtv,2019-05-25 00:32:00,El presidente de #Venezuela envi√≥ sus agradecimientos al reverendo Jesse Jackson por la solidaridad mostrada ante los bloqueos de #EEUU üëâhttps://t.co/HQpTUhA6zp El mandatario coincide que la gente de bien de EE.UU. puede ayudar a frenar la escalada guerrista de @realDonaldTrump https://t.co/2YIPWfJ9vZ,159,,1132081848140615681
teleSURtv,2019-05-16 18:34:54,"RT @evoespueblo: Entregamos unidades educativas en Caranavi, #LaPaz. La educaci√≥n es sin√≥nimo de liberaci√≥n y sublevaci√≥n ante la injusticia. La salud es otra prioridad, por eso tambi√©n construiremos un hospital de segundo nivel para este municipio. Ya tenemos $us 22 MM garantizados para ello. https://t.co/e2qggkAht7",158,evoespueblo,1129092878985244672
teleSURtv,2019-05-29 19:07:00,A pesar del da√±o humano que genera el bloqueo estadounidense a los venezolanos La administraci√≥n de Trump ha embargado bienes y activos monetarios que pertenecen al pa√≠s sudamericano ¬øCu√°l es la cifra del robo? https://t.co/iNEtLByR6h #TrumpDesbloqueaVenezuelaüáªüá™ https://t.co/zENrmaZvu4,157,,1133811998439817216
teleSURtv,2019-05-16 15:19:12,RT @tatianateleSUR: @teleSURtv Estados Unidos invade la embajada de Venezuela en Washington. Se trata de otra clara violaci√≥n de normas del derecho internacional por parte de la casa blanca para derrocar un gobierno. Peligroso precedente para la diplomacia mundial. https://t.co/e3w6A0US4q,155,tatianateleSUR,1129043627613798401
teleSURtv,2019-05-28 14:25:41,Ni√±os venezolanos que esperaban trasplante de m√©dula han muerto en los √∫ltimos d√≠as a causa del bloqueo de #EEUU contra Venezuela ¬øC√≥mo los intereses econ√≥micos y pol√≠ticos de Trump se sobreponen al bienestar de todo un pueblo? M√≠relo https://t.co/uyfLeiS4qY #NoBloqueoüáªüá™ https://t.co/GZqbIiRvdQ,155,,1133378815600861185
teleSURtv,2019-05-17 13:47:50,"RT @evoespueblo: Como hoy, 1992, Jaime Paz declar√≥ que la venta legal de coca en el mercado internacional mejorar√≠a los ingresos de #Bolivia. Era una impostura. Paz, actual candidato del PDC, someti√≥ nuestra soberan√≠a al plan intervencionista de #EEUU al permitir el ingreso de tropas de ese pa√≠s.",155,evoespueblo,1129383023466766336
teleSURtv,2019-05-16 18:33:16,"RT @AlinaTelesur: Mensaje de @medeabenjamin a la oposici√≥n venezolana: ‚ÄúEst√°n del lado equivocado de la Historia, el pueblo de Venezuela no va a dejar que el golpe tenga √©xito. La Historia demuestra que los golpes tienen consecuencias terribles‚Äù. https://t.co/aABGnc5UPH",154,AlinaTelesur,1129092465787584512
teleSURtv,2019-05-16 18:32:20,RT @pvillegas_tlSUR: Esta ma√±ana el gob de @realDonaldTrump invadi√≥ la embajada de Vzla en Washington. Ella fue arrestada en medio de la ocupaci√≥n ilegal. #NoM√°sIntervenci√≥n #EEUUViolaEmbajadaVzla https://t.co/p42aHjSOl1,150,pvillegas_tlSUR,1129092234903773186
teleSURtv,2019-05-30 01:59:00,Ni√±os venezolanos que esperaban trasplante de m√©dula han muerto en los √∫ltimos d√≠as a causa del bloqueo de #EEUU contra Venezuela ¬øC√≥mo los intereses pol√≠ticos de Trump se sobreponen al bienestar de todo un pueblo? https://t.co/uyfLeiAt2o #TrumpDesbloqueaVenezuelaüáªüá™ https://t.co/Wwhjx5jr7n,149,,1133915681592766464
teleSURtv,2019-05-29 16:01:00,"Estados Unidos se apropia de recursos monetarios de #Venezuela de forma ilegal, ¬øqui√©n condena y act√∫a ante este robo sin precedente? Conozca las consecuencias que ha tra√≠do para el pueblo,el m√°s afectado por estas maniobras https://t.co/c2SUlQcDZF #TrumpDesbloqueaVenezuelaüáªüá™ https://t.co/5rUXqGnbw6",143,,1133765190451961856
teleSURtv,2019-05-29 20:58:33,"El papa Francisco envi√≥ una carta al expresidente de #Brasilüáßüá∑ en la que indic√≥ : ""el bien vencer√° al mal, la verdad vencer√° la mentira y la Salvaci√≥n vencer√° la condenaci√≥n"" üëâhttps://t.co/0x156UDzvO #LulaLibre es lo que todo el mundo pide al gobierno brasile√±o https://t.co/iiz5kXbDJu",142,,1133840069792550914
teleSURtv,2019-05-28 12:30:55,"RT @madeleintlSUR: 3. Este es el documento que firmaron se llama PEP, Permiso Especial de Permanencia, ""manifiesto que de manera voluntaria (subrayado) desisto del procedimiento de reconocimiento de la condici√≥n de refugiado"" https://t.co/LfjQAhjcwA",140,madeleintlSUR,1133349935712227329
teleSURtv,2019-05-17 21:44:22,RT @pvillegas_tlSUR: Santrich en libertad. Ya veremos qu√© sigue en esta historia. https://t.co/qJTijcau1n,138,pvillegas_tlSUR,1129502946746617856
teleSURtv,2019-05-23 02:42:00,#EEUU prepara sanciones contra sistema @ClapOficial de #Venezuela ‚Üí https://t.co/G7PxLqbuKf La Casa Blanca busca atacar el programa de distribuci√≥n de alimentos subsidiados que garantiza los rubros esenciales a m√°s de siete millones de familias venezolanas https://t.co/S5EBFVdAzU,136,,1131389788098052096
teleSURtv,2019-05-24 16:53:59,El secretario de Derechos Humanos de Venezuela denunci√≥ a trav√©s de su cuenta de Twitter el fallecimiento de un menor de edad por la imposibilidad que recibiera un trasplante üëâhttps://t.co/qrzALU4bmQ Este hecho lamentable es consecuencia de las sanciones impuestas por #EEUU https://t.co/Oj2GBET2e0,133,,1131966585407758336
teleSURtv,2019-05-29 23:59:00,"El papa Francisco envi√≥ una carta al expresidente de #Brasilüáßüá∑ en la que indic√≥ : ""el bien vencer√° al mal, la verdad vencer√° la mentira y la Salvaci√≥n vencer√° la condenaci√≥n"" üëâhttps://t.co/0x156UDzvO #LulaLibre es lo que todo el mundo pide al gobierno brasile√±o https://t.co/7oHksJrmHA",133,,1133885482599878657
teleSURtv,2019-05-17 15:31:39,"#ENVIVOüî¥| Inicia entrevista al canciller de #Venezuela, @jaarreaza en nuestro programa #Conexi√≥nGlobal Tema de hoy: Invasi√≥n ilegal de Estados Unidos a la embajada venezolana en Washington Escuche las declaraciones aqu√≠ üëâüèΩhttps://t.co/tqMKHfl0b4 #EEUUviolaEmbajadaVzla üáªüá™ https://t.co/9mXhFqIvxp",132,,1129409149454999552
teleSURtv,2019-05-17 21:52:47,RT @pvillegas_tlSUR: Recapturado. Seguimos... https://t.co/4u7zSbHO8L,132,pvillegas_tlSUR,1129505064899534849
teleSURtv,2019-05-21 13:24:55,RT @RaulCastroR: M√°ximas autoridades cubanas recibieron al canciller de #Venezuela Jorge Arreaza https://t.co/3DgTFpzitI @cubadebate #Cuba -CD,132,RaulCastroR,1130826808029601792
teleSURtv,2019-05-30 08:28:00,"#ReinoUnido | Julian Assange es trasladado al hospital de la prisi√≥n de Belmarsh ‚Üí https://t.co/oUSvKjeZia El portal WikiLeaks cuestion√≥ el trato que el Reino Unido ha dado a Assange desde su arresto, argumentando que genera muchas dudas para una ""naci√≥n que respeta los #DDHH"" https://t.co/KtQo2mmmDu",131,,1134013576312528897
teleSURtv,2019-05-25 21:23:00,"El jefe del ej√©rcito de Colombia, general Nicacio Mart√≠nez Espinel fue vinculado al asesinato de civiles en la d√©cada del 2000 üëâhttps://t.co/oPYB6Yzvxm En esa √©poca los soldados fueron instados a asesinar civiles y disfrazarlos de guerrilleros para inflar el conteo de cad√°veres https://t.co/GaNhRKOd3i",130,,1132396672221245440
teleSURtv,2019-05-28 12:30:33,"RT @madeleintlSUR: 5. La 2da opci√≥n del PEP para los militares desertores es un salvo conducto para irse a cualquier pa√≠s de la coalici√≥n contra #Venezuela, tambi√©n les ofrecieron una capacitaci√≥n que nada tiene que ver con lo militar, esperaban que los sumaran a una fuerza para ""liberar"" #Vnzla https://t.co/PPCsE7Ljtq",130,madeleintlSUR,1133349842816765954
teleSURtv,2019-05-29 22:59:00,Ni√±os venezolanos que esperaban trasplante de m√©dula han muerto en los √∫ltimos d√≠as a causa del bloqueo de #EEUU contra Venezuela ¬øC√≥mo los intereses pol√≠ticos de Trump se sobreponen al bienestar de todo un pueblo? https://t.co/uyfLeiAt2o #TrumpDesbloqueaVenezuelaüáªüá™ https://t.co/CEtWDHcMCf,130,,1133870383042457600
teleSURtv,2019-05-16 15:08:39,#URGENTE | Sacan a los activistas que proteg√≠an la embajada Venezolana en Washington Transmitimos v√≠a Facebook Live https://t.co/K7pTJKCfTR #NoM√°sIntervenci√≥n https://t.co/5AgsDghAvu,130,,1129040976205504512
teleSURtv,2019-05-17 16:45:06,"#√öLTIMOMINUTO | Gustavo Gallardo, abogado de 'Jes√∫s Santrich'comunic√≥ que su defendido est√° herido de gravedad en su celda en la c√°rcel La Picota #Colombia https://t.co/tqMKHf3oMu https://t.co/qAXD4Y6H89",129,,1129427633278578688
teleSURtv,2019-05-17 05:30:19,#√öLTIMOMINUTO | Noruega confirma contactos entre representantes del Gobierno y la oposici√≥n venezolana para avanzar en la paz y estabilidad del pa√≠s suramericano https://t.co/RpQ8jjz1Y6,128,,1129257821516832773
teleSURtv,2019-05-21 11:02:00,Periodistas encontraron un manual del Gobierno de Estados Unidos (EE.UU.) que ense√±aba a militares uruguayos m√©todos para el uso de la tortura y la desaparici√≥n forzada https://t.co/50ZgLd5xMH https://t.co/MwML7ZJbwe,128,,1130790841818202112
teleSURtv,2019-05-22 03:05:00,"#Huawei crea sistema operativo que podr√≠a sustituir software de Google https://t.co/7LiDbpz41A El nuevo sistema operativo ""Hongmeng"" est√° basado en el sistema de c√≥digo abierto Linux y ser√° utilizado de forma universal en todos sus dispositivos https://t.co/7LoTW4uiu1",126,,1131033188166320128
teleSURtv,2019-05-24 11:03:00,Estudiantes de #Brasil contin√∫an protestas contra recortes a la educaci√≥n https://t.co/RiRetdOk51 El pr√≥ximo 30 de mayo habr√° protestas en todo Brasil contra los recortes en educaci√≥n https://t.co/LSXQpLWrvF,125,,1131878257597538304
teleSURtv,2019-05-17 18:28:45,RT @GildateleSUR: M√©dicos y maestros hondure√±os contin√∫an con medidas de presi√≥n contra el gobierno que pretende privatizar la salud y la educaci√≥n. @temasteleSUR https://t.co/5GTcb5GjvI,124,GildateleSUR,1129453720733966338
teleSURtv,2019-05-22 10:54:30,"Rusia enfrentar√° todo intento de golpe de Estado contra Venezuela impulsado por Estados Unidos, afirm√≥ el viceministro ruso de Relaciones Exteriores, Sergu√©i Riabkov https://t.co/0VCDH1JwTv https://t.co/bQuIivoCRR",123,,1131151342003613697
teleSURtv,2019-05-28 23:47:00,Ni√±os venezolanos que esperaban trasplante de m√©dula han muerto en los √∫ltimos d√≠as a causa del bloqueo de #EEUU contra Venezuela ¬øC√≥mo los intereses econ√≥micos y pol√≠ticos de Trump se sobreponen al bienestar de todo un pueblo? M√≠relo https://t.co/uyfLeiS4qY #NoBloqueoüáªüá™ https://t.co/efKBmg2ivG,122,,1133520075112239105
teleSURtv,2019-05-17 02:15:25,.@evoespueblo critica a Trump por violar el derecho internacional https://t.co/ixO9j2gBis El presidente Evo Morales reiter√≥ que son los representantes del Gobierno leg√≠timo de Venezuela quienes pueden designar a sus funcionarios https://t.co/MfpJJWrCPo,120,,1129208771333509120
teleSURtv,2019-05-17 13:46:30,RT @madeleintlSUR: #Di√°logo con la oposici√≥n y el Gobierno de #Venezuela en #Noruega ac√° los detalles üëáüèæ https://t.co/7o7aDhEczL,120,madeleintlSUR,1129382687209349120
teleSURtv,2019-05-30 23:17:13,"RT @AndreteleSUR: #Brasil | M√°s de 100 ciudades en m√°s de 20 estados se movilizaron este jueves en defensa de la educaci√≥n. Cerca de 1,5 mil millones de d√≥lares fueron retirados de la educaci√≥n en 2019 por Bolsonaro. En el video el acto en S√£o Paulo. #Tsunami30M #30MpelaEducacao üé• Mauricio Pisani https://t.co/pU6IK4bFoi",119,AndreteleSUR,1134237358172323840
teleSURtv,2019-05-16 16:40:30,#EEUUviolaEmbajadaVzla Tras un fuerte operativo policial el Gobierno de #EEUU irrumpi√≥ en la sede venezolana en Washington üëâhttps://t.co/Kaz3h2Sy09 En la invasi√≥n ilegal a la embajada de #Venezuela üáªüá™ detuvieron a 4 activistas que se encontraban armados solo con pancartas https://t.co/CJOawDC9qj,119,,1129064089265889280
teleSURtv,2019-05-31 00:07:28,Segunda gran marcha para defender la educaci√≥n en #Brasil https://t.co/3FWnAwPjWF Los actos se realizaron en m√°s de 100 ciudades brasile√±as y en otros pa√≠ses para levantar la voz ante las medidas de Jair Bolsonaro en contra de la educaci√≥n https://t.co/rTJOzCH8jY,118,,1134250001905963011
teleSURtv,2019-05-22 19:54:00,"Rusia enfrentar√° todo intento de golpe de Estado contra Venezuela impulsado por Estados Unidos, afirm√≥ el viceministro ruso de Relaciones Exteriores, Sergu√©i Riabkov https://t.co/0VCDH1JwTv https://t.co/XbIAHBNoyc",116,,1131287111091417088
teleSURtv,2019-05-24 17:49:34,RT @AlinaTelesur: El equipo de @jguaido en EEUU entra a la Embajada de Venezuela en Washington DC. Contra toda ley internacional. https://t.co/05ebLtF4WM,115,AlinaTelesur,1131980573063471104
teleSURtv,2019-05-30 21:29:14,Maestros y m√©dicos hondure√±os se movilizaron en rechazo a la privatizaci√≥n de la salud y la educaci√≥n que pretende el presidente Juan Orlando Hern√°ndez üëâhttps://t.co/iaDTreT8ZF La polic√≠a de #Hondurasüá≠üá≥ reprimi√≥ con gases lacrim√≥genos las movilizaciones desarrolladas https://t.co/30BwrpwmGy,114,,1134210180802064384
teleSURtv,2019-05-30 17:46:00,El canciller de #Venezuelaüáªüá™ @jaarreaza denunci√≥ que el bloqueo econ√≥mico impuesto arbitrariamente por #EEUU perjudica la compra de alimentos y medicina üëâhttps://t.co/aIEccDn6Yt Adem√°s millones de insumos de consumo general han sido detenidos por la falta de pago https://t.co/5qQXvYglFq,113,,1134154002130755584
teleSURtv,2019-05-16 14:12:40,"RT @rolandoteleSUR: #UltimaHora: @codepink denuncia que a Polic√≠a de #EEUU invade embajada de #Venezuela ¬®para arrestar ilegalmente al colectivo de protecci√≥n de la embajada, volando la convenci√≥n de Viena¬® violando as√≠ las leyes internacionales. https://t.co/nWSMOEQFE9",112,rolandoteleSUR,1129026884975636482
teleSURtv,2019-05-21 18:52:39,#ENVIVO üî¥| Inicia sesi√≥n del XVIII Consejo Pol√≠tico del ALBA-TCP https://t.co/tqMKHfl0b4 https://t.co/S2fm1eRJSK,111,,1130909283997163521
teleSURtv,2019-05-20 01:35:00,"T√∫pac Amaru II lider√≥ la revoluci√≥n ind√≠gena anticolonialista en Am√©rica, la misma que fue el comienzo de las diferentes gestas libertarias en el continenteüëâhttps://t.co/xACAJ7rwnS Varios colectivos sociales han adoptado su nombre en se√±al de su valent√≠a, patriotismo y rebeld√≠a https://t.co/lypd2lm8rB",111,,1130285763600494592
teleSURtv,2019-05-22 16:02:16,"Los Gobiernos de #Rusiaüá∑üá∫, #Franciaüá´üá∑ y #Alemania üá©üá™reiteraron el apoyo al pacto nuclear iran√≠ y rechazaron los bloqueos impuestos por #EEUU a #Ir√°nüáÆüá∑üëâhttps://t.co/UN1brAUHnf Estos pa√≠ses tambi√©n se√±alaron que seguir√°n cooperando comercial y econ√≥micamente con el pa√≠s asi√°tico https://t.co/oatw020odW",111,,1131228793027387393
teleSURtv,2019-05-16 14:25:00,#ENVIVO üî¥| Siga todo el movimiento en la embajada de #Venezuelaüáªüá™en Washington luego de que la polic√≠a estadounidense irrumpiera de forma ilegal en la sede diplom√°tica Transmitimos v√≠a Facebook Live https://t.co/K7pTJKCfTR #NoM√°sIntervenci√≥n https://t.co/0463lpFW6L,110,,1129029988689305600
teleSURtv,2019-05-16 14:54:54,RT @pvillegas_tlSUR: Sigue en ingl√©s y espa√±ol nuestra cobertura #NoM√°sIntervenci√≥n #EEUUViolaEmbajadaVzla https://t.co/yOBMkyadms,110,pvillegas_tlSUR,1129037513249705985
teleSURtv,2019-05-16 14:11:45,RT @AlinaTelesur: Parece que en una redada han detenido a los cuatro miembros del Colectivo de Protecci√≥n de la Embajada de Venezuela que quedaban dentro de la sede diplom√°tica. M√°s detalles en breve. #CPEV https://t.co/CKN7y9J9Gr,108,AlinaTelesur,1129026656910360578
teleSURtv,2019-05-16 13:55:08,#AHORA üî¥| Polic√≠a de Estados Unidos invade embajada venezolana en Washington y viola convenci√≥n de Viena Siga el desarrollo de los hechos EN VIVO Y DIRECTO aqu√≠ https://t.co/nVFJJpVhh3 https://t.co/37DppkRcoQ,107,,1129022475197702144
teleSURtv,2019-05-21 02:30:00,¬øPor qu√© agentes internacionales y medios de comunicaci√≥n insisten en desestimar la victoria electoral del pasado #20M de 2018 del presidente @NicolasMaduro? Conozca los intereses que se tejen detr√°s de este hecho https://t.co/nYNeDqU3uv #NoM√°sInjerenciaüáªüá™ https://t.co/nYtkiOTk4C,107,,1130661992862236674
teleSURtv,2019-05-21 05:03:48,Periodistas encontraron un manual del Gobierno de Estados Unidos (EE.UU.) que ense√±aba a militares uruguayos m√©todos para el uso de la tortura y la desaparici√≥n forzada https://t.co/50ZgLd5xMH https://t.co/F6kC97UftY,107,,1130700696221814786
teleSURtv,2019-05-16 14:56:03,"RT @AlinaTelesur: Matthew, quien ayer atac√≥ a un icono de la lucha de los derechos civiles en EEUU, @RevJJackson , ‚Äús√≠mbolo de la lucha‚Äù de la oposici√≥n venezolana. Dicho por ellos mismos. https://t.co/GHIAJJy21n",107,AlinaTelesur,1129037801440391168
teleSURtv,2019-05-25 22:03:56,"#ENVIVO | Presidente de Venezuela, @NicolasMaduro, aprueba que el pr√≥ximo Congreso Latinoamericano y Caribe√±o de Estudiantes se realice en Venezuela en el a√±o 2021 ‚Üí https://t.co/tqMKHfl0b4 https://t.co/nmbsPipM6P",106,,1132406976061804544
teleSURtv,2019-05-17 02:26:20,"Protesta en Cannes por asesinato de cineasta colombiano https://t.co/UYeliltrDb Los directores Ciro Guerra y Franco Lolli, as√≠ como la escritora Carolina San√≠n fueron parte de la protesta en la alfombra roja del festival de cine https://t.co/y5Yv6l8u0x",106,,1129211519940648960
teleSURtv,2019-05-21 16:33:58,"RT @GildateleSUR: Siguen tomas de carretera en la zona Norte de Honduras, maestros protestan contra la reducci√≥n de sus derechos y privatizaci√≥n de la salud y educaci√≥n https://t.co/79PFvnk0TU",106,GildateleSUR,1130874386280583168
teleSURtv,2019-05-23 10:41:00,"Las sanciones econ√≥micas contra #Venezuela han sido ampliadas y endurecidas desde 2015, con la primera orden ejecutiva de #EEUU El objetivo: crear una crisis social para justificar un cambio forzado de Gobierno. üëâüèø https://t.co/iNEtLBhgeJ https://t.co/WzdGcIyGmx",106,,1131510332369920000
teleSURtv,2019-05-21 15:37:43,#Venezuela y #Cuba fortalecen v√≠nculos ante agresiones de EE.UU. https://t.co/OWxklujWMd En el encuentro Ra√∫l Castro y D√≠az-Canel reiteraron su apoyo al presidente Nicol√°s Maduro y a la uni√≥n c√≠vico-militar del pueblo venezolano üáªüá™üá®üá∫ https://t.co/xXgUhZ1OaU,104,,1130860229309026304
teleSURtv,2019-05-27 22:10:07,"Presidente de #Venezuela denunci√≥ este lunes el robo de dinero venezolano por parte del imperio, el cual suma un total de 30.000 millones de d√≥lares. Adem√°s del asedio de los barcos que deben llegar al pa√≠s con alimentos, gasolina y otros insumos https://t.co/tqMKHfl0b4 https://t.co/dITyHp6NW5",104,,1133133307112304640
teleSURtv,2019-05-16 13:58:57,#√öLTIMOMINUTO | La Polic√≠a arresta a 4 activistas que se encontraban en la embajada de Venezuela en EE.UU. como parte del Colectivo de Protecci√≥n de la sede diplom√°tica https://t.co/nVFJJpVhh3 https://t.co/UeyxGqbwdP,104,,1129023433789063169
teleSURtv,2019-05-27 23:18:50,"RT @LemusteleSUR: La Justicia brasile√±a concluye que Adelio Bispo, quien acuchill√≥ a Bolsonaro durante la campa√±a electoral, no puede ser condenado criminalmente por sufrir Transtorno Delirante Persistente. La medida derrumba las acusaciones del pdte contra partidos de izquierda @EdicionCteleSUR https://t.co/OCtKY7e2l3",104,LemusteleSUR,1133150599887884291
teleSURtv,2019-05-17 22:11:25,"Gustavo Gallardo, abogado de Santrich: Nos acercamos a un proceso de paz fallido, se trata de un nuevo golpe por parte de los enemigos de la paz contra Jes√∫s https://t.co/tqMKHfl0b4 https://t.co/FOrROCnDVP",103,,1129509756052414464
teleSURtv,2019-05-28 00:28:00,#Rusia rechaza pol√≠ticas sancionatorias de EE.UU. contra Am√©rica Latina https://t.co/8zb2xQFvFB El canciller Sergu√©i Lavrov se√±al√≥ que el Gobierno de Rusia enfilar√° esfuerzos por defender los alcances de la Carta de la Organizaci√≥n de Naciones Unidas https://t.co/AxrLpfQDzR,102,,1133168005096050689
teleSURtv,2019-05-29 00:20:00,ONU reconoce a #Venezuela como pa√≠s l√≠der en el derecho a la vivienda https://t.co/JwlQLH7kWs El Gobierno del pa√≠s ha otorgado m√°s de 2.640.000 techos dignos a familias venezolanas https://t.co/79Rla7fCSV,101,,1133528379309715456
teleSURtv,2019-05-16 18:33:20,"RT @AlinaTelesur: . @medeabenjamin dice que no s√≥lo se trata de la protecci√≥n de una Embajada sino de evitar que su pa√≠s, EEUU, se vaya a otra guerra. ‚ÄúNo debemos permitir que la gente golpista de @jguaido entre a esa Embajada, en nuestro pa√≠s, en nuestra ciudad, en nuestra capital‚Äù. #CPEV https://t.co/GPEmgt1GAN",101,AlinaTelesur,1129092483982479360
teleSURtv,2019-05-20 04:36:00,"T√∫pac Amaru II lider√≥ la revoluci√≥n ind√≠gena anticolonialista en Am√©rica, la misma que fue el comienzo de las diferentes gestas libertarias en el continenteüëâhttps://t.co/xACAJ7rwnS Varios colectivos sociales han adoptado su nombre en se√±al de su valent√≠a, patriotismo y rebeld√≠a https://t.co/pxS5fRDrHV",101,,1130331313796460544
teleSURtv,2019-05-18 04:10:00,Militares de #Venezuelaüáªüá™ desertores y sus familias fueron desalojados del hotel en el que se refugiaban en la ciudad de C√∫cuta en #Colombiaüá®üá¥üëâhttps://t.co/hkfuAV48Lx Los militares han reclamado el abandono de los representantes del diputado opositor Juan Guaid√≥ https://t.co/KTMPq1Frk4,101,,1129599994279866369
teleSURtv,2019-05-22 00:05:00,"#Huawei crea sistema operativo que podr√≠a sustituir software de Google https://t.co/7LiDbpQFqa El nuevo sistema operativo ""Hongmeng"" est√° basado en el sistema de c√≥digo abierto Linux y ser√° utilizado de forma universal en todos sus dispositivos https://t.co/Ad2E0ZFhff",101,,1130987889830113280